<?xml version="1.0" encoding="UTF-8"?>
<!DOCTYPE generatorConfiguration
        PUBLIC "-//mybatis.org//DTD MyBatis Generator Configuration 1.0//EN"
        "http://mybatis.org/dtd/mybatis-generator-config_1_0.dtd">

<generatorConfiguration>

    <context id="DB2Tables" targetRuntime="MyBatis3">
        <!--数据库链接地址账号密码-->
        <jdbcConnection driverClass="com.mysql.jdbc.Driver"
                        connectionURL="jdbc:mysql://82.156.47.158:3306/zhengqing"
                        userId="root"
                        password="666666">
        </jdbcConnection>

        <!--生成DataObject类存放位置  数据库对应到java的dto类-->
        <javaModelGenerator targetPackage="com.Zhengqing.dataobject" targetProject="src/main/java">
            <property name="enableSubPackages" value="true" />
            <property name="trimStrings" value="true" />
        </javaModelGenerator>

        <!--生成映射文件存放位置-->
        <sqlMapGenerator targetPackage="mapping"  targetProject="src/main/resources">
            <property name="enableSubPackages" value="true" />
        </sqlMapGenerator>

        <!--生成Dao类存放位置-->
        <javaClientGenerator type="XMLMAPPER" targetPackage="com.Zhengqing.dao"  targetProject="src/main/java">
            <property name="enableSubPackages" value="true" />
        </javaClientGenerator>

        <!--生成对应表及类名-->
        <!--  enableCountByExample="false"
               enableUpdateByExample="false"
               enableDeleteByExample="false"
               enableSelectByExample="false"
               selectByExampleQueryId="false"
               这些属性是为了使得只生成简单查询的对应文件，去掉复杂查询的生成文件，因为一般开发中不太用的到-->
        <table tableName="user_info" domainObjectName="userDO"
               enableCountByExample="false"
               enableUpdateByExample="false"
               enableDeleteByExample="false"
               enableSelectByExample="false"
               selectByExampleQueryId="false"></table>
        <table tableName="user_password" domainObjectName="userPasswordDO"
               enableCountByExample="false"
               enableUpdateByExample="false"
               enableDeleteByExample="false"
               enableSelectByExample="false"
               selectByExampleQueryId="false" ></table>
<!--    在这里将数据库中的表导入为类  -->
        <!--
        <table tableName="user_info" domainObjectName="UserDO"
               enableCountByExample="false"
               enableUpdateByExample="false"
               enableDeleteByExample="false"
               enableSelectByExample="false"
               selectByExampleQueryId="false"></table>
        <table tableName="user_password" domainObjectName="userPasswordDO"
               enableCountByExample="false"
               enableUpdateByExample="false"
               enableDeleteByExample="false"
               enableSelectByExample="false"
               selectByExampleQueryId="false" ></table>
        <table tableName="user_info" domainObjectName="UserDO"
               enableCountByExample="false"
               enableUpdateByExample="false"
               enableDeleteByExample="false"
               enableSelectByExample="false"
               selectByExampleQueryId="false"></table>
        <table tableName="user_password" domainObjectName="userPasswordDO"
               enableCountByExample="false"
               enableUpdateByExample="false"
               enableDeleteByExample="false"
               enableSelectByExample="false"
               selectByExampleQueryId="false" ></table>
        <table tableName="user_info" domainObjectName="UserDO"
               enableCountByExample="false"
               enableUpdateByExample="false"
               enableDeleteByExample="false"
               enableSelectByExample="false"
               selectByExampleQueryId="false"></table>
        <table tableName="user_password" domainObjectName="userPasswordDO"
               enableCountByExample="false"
               enableUpdateByExample="false"
               enableDeleteByExample="false"
               enableSelectByExample="false"
               selectByExampleQueryId="false" ></table>
-->

    </context>
</generatorConfiguration>
