<?xml version="1.0" encoding="UTF-8"?>
<!DOCTYPE mapper PUBLIC "-//mybatis.org//DTD Mapper 3.0//EN" "http://mybatis.org/dtd/mybatis-3-mapper.dtd">
<mapper namespace="com.Zhengqing.dao.userPasswordDOMapper">
  <resultMap id="BaseResultMap" type="com.Zhengqing.dataobject.userPasswordDO">
    <!--
      WARNING - @mbg.generated
      This element is automatically generated by MyBatis Generator, do not modify.
      This element was generated on Fri Apr 15 15:35:35 CST 2022.
    -->
    <id column="id" jdbcType="INTEGER" property="id" />
    <result column="encrpt_password" jdbcType="VARCHAR" property="encrptPassword" />
    <result column="user_id" jdbcType="INTEGER" property="userId" />
    <result column="create_time" jdbcType="TIMESTAMP" property="createTime" />
    <result column="updata_time" jdbcType="TIMESTAMP" property="updataTime" />
  </resultMap>
  <sql id="Base_Column_List">
    <!--
      WARNING - @mbg.generated
      This element is automatically generated by MyBatis Generator, do not modify.
      This element was generated on Fri Apr 15 15:35:35 CST 2022.
    -->
    id, encrpt_password, user_id, create_time, updata_time
  </sql>
  <select id="selectByPrimaryKey" parameterType="java.lang.Integer" resultMap="BaseResultMap">
    <!--
      WARNING - @mbg.generated
      This element is automatically generated by MyBatis Generator, do not modify.
      This element was generated on Fri Apr 15 15:35:35 CST 2022.
    -->
    select 
    <include refid="Base_Column_List" />
    from user_password
    where id = #{id,jdbcType=INTEGER}
  </select>
  <delete id="deleteByPrimaryKey" parameterType="java.lang.Integer">
    <!--
      WARNING - @mbg.generated
      This element is automatically generated by MyBatis Generator, do not modify.
      This element was generated on Fri Apr 15 15:35:35 CST 2022.
    -->
    delete from user_password
    where id = #{id,jdbcType=INTEGER}
  </delete>
  <insert id="insert" parameterType="com.Zhengqing.dataobject.userPasswordDO">
    <!--
      WARNING - @mbg.generated
      This element is automatically generated by MyBatis Generator, do not modify.
      This element was generated on Fri Apr 15 15:35:35 CST 2022.
    -->
    insert into user_password (id, encrpt_password, user_id, 
      create_time, updata_time)
    values (#{id,jdbcType=INTEGER}, #{encrptPassword,jdbcType=VARCHAR}, #{userId,jdbcType=INTEGER}, 
      #{createTime,jdbcType=TIMESTAMP}, #{updataTime,jdbcType=TIMESTAMP})
  </insert>
  <insert id="insertSelective" parameterType="com.Zhengqing.dataobject.userPasswordDO">
    <!--
      WARNING - @mbg.generated
      This element is automatically generated by MyBatis Generator, do not modify.
      This element was generated on Fri Apr 15 15:35:35 CST 2022.
    -->
    insert into user_password
    <trim prefix="(" suffix=")" suffixOverrides=",">
      <if test="id != null">
        id,
      </if>
      <if test="encrptPassword != null">
        encrpt_password,
      </if>
      <if test="userId != null">
        user_id,
      </if>
      <if test="createTime != null">
        create_time,
      </if>
      <if test="updataTime != null">
        updata_time,
      </if>
    </trim>
    <trim prefix="values (" suffix=")" suffixOverrides=",">
      <if test="id != null">
        #{id,jdbcType=INTEGER},
      </if>
      <if test="encrptPassword != null">
        #{encrptPassword,jdbcType=VARCHAR},
      </if>
      <if test="userId != null">
        #{userId,jdbcType=INTEGER},
      </if>
      <if test="createTime != null">
        #{createTime,jdbcType=TIMESTAMP},
      </if>
      <if test="updataTime != null">
        #{updataTime,jdbcType=TIMESTAMP},
      </if>
    </trim>
  </insert>
  <update id="updateByPrimaryKeySelective" parameterType="com.Zhengqing.dataobject.userPasswordDO">
    <!--
      WARNING - @mbg.generated
      This element is automatically generated by MyBatis Generator, do not modify.
      This element was generated on Fri Apr 15 15:35:35 CST 2022.
    -->
    update user_password
    <set>
      <if test="encrptPassword != null">
        encrpt_password = #{encrptPassword,jdbcType=VARCHAR},
      </if>
      <if test="userId != null">
        user_id = #{userId,jdbcType=INTEGER},
      </if>
      <if test="createTime != null">
        create_time = #{createTime,jdbcType=TIMESTAMP},
      </if>
      <if test="updataTime != null">
        updata_time = #{updataTime,jdbcType=TIMESTAMP},
      </if>
    </set>
    where id = #{id,jdbcType=INTEGER}
  </update>
  <update id="updateByPrimaryKey" parameterType="com.Zhengqing.dataobject.userPasswordDO">
    <!--
      WARNING - @mbg.generated
      This element is automatically generated by MyBatis Generator, do not modify.
      This element was generated on Fri Apr 15 15:35:35 CST 2022.
    -->
    update user_password
    set encrpt_password = #{encrptPassword,jdbcType=VARCHAR},
      user_id = #{userId,jdbcType=INTEGER},
      create_time = #{createTime,jdbcType=TIMESTAMP},
      updata_time = #{updataTime,jdbcType=TIMESTAMP}
    where id = #{id,jdbcType=INTEGER}
  </update>

  <select id="selectByUserId" parameterType="java.lang.Integer" resultMap="BaseResultMap">
    select
    <include refid="Base_Column_List" />
    from user_password
    where user_id = #{userId,jdbcType=INTEGER}
  </select>
</mapper>