<?xml version="1.0" encoding="UTF-8"?>
<!DOCTYPE mapper PUBLIC "-//mybatis.org//DTD Mapper 3.0//EN" "http://mybatis.org/dtd/mybatis-3-mapper.dtd">
<mapper namespace="com.Zhengqing.dao.UserDOMapper">
  <resultMap id="BaseResultMap" type="com.Zhengqing.dataobject.UserDO">
    <!--
      WARNING - @mbg.generated
      This element is automatically generated by MyBatis Generator, do not modify.
      This element was generated on Fri Apr 15 15:35:35 CST 2022.
    -->
    <id column="id" jdbcType="INTEGER" property="id" />
    <result column="name" jdbcType="VARCHAR" property="name" />
    <result column="gender" jdbcType="TINYINT" property="gender" />
    <result column="telephone" jdbcType="VARCHAR" property="telephone" />
    <result column="register_mode" jdbcType="VARCHAR" property="registerMode" />
    <result column="third_party_id" jdbcType="VARCHAR" property="thirdPartyId" />
    <result column="create_time" jdbcType="TIMESTAMP" property="createTime" />
    <result column="updata_time" jdbcType="TIMESTAMP" property="updataTime" />
    <result column="age" jdbcType="INTEGER" property="age" />
  </resultMap>
  <sql id="Base_Column_List">
    <!--
      WARNING - @mbg.generated
      This element is automatically generated by MyBatis Generator, do not modify.
      This element was generated on Fri Apr 15 15:35:35 CST 2022.
    -->
    id, name, gender, telephone, register_mode, third_party_id, create_time, updata_time, 
    age
  </sql>

  <select id="selectByTelephone" resultMap="BaseResultMap">
    select
    <include refid="Base_Column_List" />
    from user_info
    where telephone = #{telephone,jdbcType=VARCHAR}
  </select>

  <select id="selectByPrimaryKey" parameterType="java.lang.Integer" resultMap="BaseResultMap">
    <!--
      WARNING - @mbg.generated
      This element is automatically generated by MyBatis Generator, do not modify.
      This element was generated on Fri Apr 15 15:35:35 CST 2022.
    -->
    select 
    <include refid="Base_Column_List" />
    from user_info
    where id = #{id,jdbcType=INTEGER}
  </select>

  <delete id="deleteByPrimaryKey" parameterType="java.lang.Integer">
    <!--
      WARNING - @mbg.generated
      This element is automatically generated by MyBatis Generator, do not modify.
      This element was generated on Fri Apr 15 15:35:35 CST 2022.
    -->
    delete from user_info
    where id = #{id,jdbcType=INTEGER}
  </delete>
  <insert id="insert" parameterType="com.Zhengqing.dataobject.UserDO">
    <!--
      WARNING - @mbg.generated
      This element is automatically generated by MyBatis Generator, do not modify.
      This element was generated on Fri Apr 15 15:35:35 CST 2022.
    -->
    insert into user_info (id, name, gender, 
      telephone, register_mode, third_party_id, 
      create_time, updata_time, age
      )
    values (#{id,jdbcType=INTEGER}, #{name,jdbcType=VARCHAR}, #{gender,jdbcType=TINYINT}, 
      #{telephone,jdbcType=VARCHAR}, #{registerMode,jdbcType=VARCHAR}, #{thirdPartyId,jdbcType=VARCHAR}, 
      #{createTime,jdbcType=TIMESTAMP}, #{updataTime,jdbcType=TIMESTAMP}, #{age,jdbcType=INTEGER}
      )
  </insert>
  <insert id="insertSelective" parameterType="com.Zhengqing.dataobject.UserDO">
    <!--
      WARNING - @mbg.generated
      This element is automatically generated by MyBatis Generator, do not modify.
      This element was generated on Fri Apr 15 15:35:35 CST 2022.
    -->
    insert into user_info
    <trim prefix="(" suffix=")" suffixOverrides=",">
      <if test="id != null">
        id,
      </if>
      <if test="name != null">
        name,
      </if>
      <if test="gender != null">
        gender,
      </if>
      <if test="telephone != null">
        telephone,
      </if>
      <if test="registerMode != null">
        register_mode,
      </if>
      <if test="thirdPartyId != null">
        third_party_id,
      </if>
      <if test="createTime != null">
        create_time,
      </if>
      <if test="updataTime != null">
        updata_time,
      </if>
      <if test="age != null">
        age,
      </if>
    </trim>
    <trim prefix="values (" suffix=")" suffixOverrides=",">
      <if test="id != null">
        #{id,jdbcType=INTEGER},
      </if>
      <if test="name != null">
        #{name,jdbcType=VARCHAR},
      </if>
      <if test="gender != null">
        #{gender,jdbcType=TINYINT},
      </if>
      <if test="telephone != null">
        #{telephone,jdbcType=VARCHAR},
      </if>
      <if test="registerMode != null">
        #{registerMode,jdbcType=VARCHAR},
      </if>
      <if test="thirdPartyId != null">
        #{thirdPartyId,jdbcType=VARCHAR},
      </if>
      <if test="createTime != null">
        #{createTime,jdbcType=TIMESTAMP},
      </if>
      <if test="updataTime != null">
        #{updataTime,jdbcType=TIMESTAMP},
      </if>
      <if test="age != null">
        #{age,jdbcType=INTEGER},
      </if>
    </trim>
  </insert>
  <update id="updateByPrimaryKeySelective" parameterType="com.Zhengqing.dataobject.UserDO">
    <!--
      WARNING - @mbg.generated
      This element is automatically generated by MyBatis Generator, do not modify.
      This element was generated on Fri Apr 15 15:35:35 CST 2022.
    -->
    update user_info
    <set>
      <if test="name != null">
        name = #{name,jdbcType=VARCHAR},
      </if>
      <if test="gender != null">
        gender = #{gender,jdbcType=TINYINT},
      </if>
      <if test="telephone != null">
        telephone = #{telephone,jdbcType=VARCHAR},
      </if>
      <if test="registerMode != null">
        register_mode = #{registerMode,jdbcType=VARCHAR},
      </if>
      <if test="thirdPartyId != null">
        third_party_id = #{thirdPartyId,jdbcType=VARCHAR},
      </if>
      <if test="createTime != null">
        create_time = #{createTime,jdbcType=TIMESTAMP},
      </if>
      <if test="updataTime != null">
        updata_time = #{updataTime,jdbcType=TIMESTAMP},
      </if>
      <if test="age != null">
        age = #{age,jdbcType=INTEGER},
      </if>
    </set>
    where id = #{id,jdbcType=INTEGER}
  </update>
  <update id="updateByPrimaryKey" parameterType="com.Zhengqing.dataobject.UserDO">
    <!--
      WARNING - @mbg.generated
      This element is automatically generated by MyBatis Generator, do not modify.
      This element was generated on Fri Apr 15 15:35:35 CST 2022.
    -->
    update user_info
    set name = #{name,jdbcType=VARCHAR},
      gender = #{gender,jdbcType=TINYINT},
      telephone = #{telephone,jdbcType=VARCHAR},
      register_mode = #{registerMode,jdbcType=VARCHAR},
      third_party_id = #{thirdPartyId,jdbcType=VARCHAR},
      create_time = #{createTime,jdbcType=TIMESTAMP},
      updata_time = #{updataTime,jdbcType=TIMESTAMP},
      age = #{age,jdbcType=INTEGER}
    where id = #{id,jdbcType=INTEGER}
  </update>
</mapper>